{
    "TYPE": "STATEVECTOR",
    "RX": -5.774223604261095e3,
    "RY": 1.543492020469041e3,
    "RZ": 3.237018006014114e3,
    "VX": -3.895311888706749,
    "VY": -4.551950764715820,
    "VZ": -4.768165804436558
}